{
	"BUILD_DIR" : "C:/Users/mikha/Desktop/SkillBox/Practice_38/38_1/build-38_1-Desktop_Qt_5_15_2_MinGW_64_bit-Debug/38_1_autogen",
	"CMAKE_BINARY_DIR" : "C:/Users/mikha/Desktop/SkillBox/Practice_38/38_1/build-38_1-Desktop_Qt_5_15_2_MinGW_64_bit-Debug",
	"CMAKE_CURRENT_BINARY_DIR" : "C:/Users/mikha/Desktop/SkillBox/Practice_38/38_1/build-38_1-Desktop_Qt_5_15_2_MinGW_64_bit-Debug",
	"CMAKE_CURRENT_SOURCE_DIR" : "C:/Users/mikha/Desktop/SkillBox/Practice_38/38_1/38_1",
	"CMAKE_SOURCE_DIR" : "C:/Users/mikha/Desktop/SkillBox/Practice_38/38_1/38_1",
	"INCLUDE_DIR" : "C:/Users/mikha/Desktop/SkillBox/Practice_38/38_1/build-38_1-Desktop_Qt_5_15_2_MinGW_64_bit-Debug/38_1_autogen/include",
	"INPUTS" : 
	[
		"C:/Users/mikha/Desktop/SkillBox/Practice_38/38_1/38_1/ButtonUp.jpg",
		"C:/Users/mikha/Desktop/SkillBox/Practice_38/38_1/38_1/ButtonDown.jpg",
		"C:/Users/mikha/Desktop/SkillBox/Practice_38/38_1/38_1/metallicheskiy-schelchok4.mp3"
	],
	"LOCK_FILE" : "C:/Users/mikha/Desktop/SkillBox/Practice_38/38_1/build-38_1-Desktop_Qt_5_15_2_MinGW_64_bit-Debug/CMakeFiles/38_1_autogen.dir/AutoRcc_res_EWIEGA46WW_Lock.lock",
	"MULTI_CONFIG" : false,
	"OPTIONS" : [ "-name", "res" ],
	"OUTPUT_CHECKSUM" : "EWIEGA46WW",
	"OUTPUT_NAME" : "qrc_res.cpp",
	"RCC_EXECUTABLE" : "C:/Qt/5.15.2/mingw81_64/bin/rcc.exe",
	"RCC_LIST_OPTIONS" : [ "--list" ],
	"SETTINGS_FILE" : "C:/Users/mikha/Desktop/SkillBox/Practice_38/38_1/build-38_1-Desktop_Qt_5_15_2_MinGW_64_bit-Debug/CMakeFiles/38_1_autogen.dir/AutoRcc_res_EWIEGA46WW_Used.txt",
	"SOURCE" : "C:/Users/mikha/Desktop/SkillBox/Practice_38/38_1/38_1/res.qrc",
	"VERBOSITY" : 0
}
