{
	"BUILD_DIR" : "C:/Users/mikha/Desktop/SkillBox/Practice_38/38_2/build-38_2-Desktop_Qt_5_15_2_MSVC2019_64bit-Debug/38_2_autogen",
	"CMAKE_BINARY_DIR" : "C:/Users/mikha/Desktop/SkillBox/Practice_38/38_2/build-38_2-Desktop_Qt_5_15_2_MSVC2019_64bit-Debug",
	"CMAKE_CURRENT_BINARY_DIR" : "C:/Users/mikha/Desktop/SkillBox/Practice_38/38_2/build-38_2-Desktop_Qt_5_15_2_MSVC2019_64bit-Debug",
	"CMAKE_CURRENT_SOURCE_DIR" : "C:/Users/mikha/Desktop/SkillBox/Practice_38/38_2/38_2",
	"CMAKE_EXECUTABLE" : "C:/Qt/Tools/CMake_64/bin/cmake.exe",
	"CMAKE_LIST_FILES" : 
	[
		"C:/Users/mikha/Desktop/SkillBox/Practice_38/38_2/38_2/CMakeLists.txt",
		"C:/Users/mikha/Desktop/SkillBox/Practice_38/38_2/build-38_2-Desktop_Qt_5_15_2_MSVC2019_64bit-Debug/.qtc/package-manager/auto-setup.cmake",
		"C:/Users/mikha/Desktop/SkillBox/Practice_38/38_2/build-38_2-Desktop_Qt_5_15_2_MSVC2019_64bit-Debug/CMakeFiles/3.24.2/CMakeSystem.cmake",
		"C:/Qt/Tools/CMake_64/share/cmake-3.24/Modules/CMakeSystemSpecificInitialize.cmake",
		"C:/Users/mikha/Desktop/SkillBox/Practice_38/38_2/build-38_2-Desktop_Qt_5_15_2_MSVC2019_64bit-Debug/CMakeFiles/3.24.2/CMakeCXXCompiler.cmake",
		"C:/Qt/Tools/CMake_64/share/cmake-3.24/Modules/CMakeSystemSpecificInformation.cmake",
		"C:/Qt/Tools/CMake_64/share/cmake-3.24/Modules/CMakeGenericSystem.cmake",
		"C:/Qt/Tools/CMake_64/share/cmake-3.24/Modules/CMakeInitializeConfigs.cmake",
		"C:/Qt/Tools/CMake_64/share/cmake-3.24/Modules/Platform/Windows.cmake",
		"C:/Qt/Tools/CMake_64/share/cmake-3.24/Modules/Platform/WindowsPaths.cmake",
		"C:/Qt/Tools/CMake_64/share/cmake-3.24/Modules/CMakeCXXInformation.cmake",
		"C:/Qt/Tools/CMake_64/share/cmake-3.24/Modules/CMakeLanguageInformation.cmake",
		"C:/Qt/Tools/CMake_64/share/cmake-3.24/Modules/Compiler/MSVC-CXX.cmake",
		"C:/Qt/Tools/CMake_64/share/cmake-3.24/Modules/Compiler/MSVC.cmake",
		"C:/Qt/Tools/CMake_64/share/cmake-3.24/Modules/Compiler/CMakeCommonCompilerMacros.cmake",
		"C:/Qt/Tools/CMake_64/share/cmake-3.24/Modules/Platform/Windows-MSVC-CXX.cmake",
		"C:/Qt/Tools/CMake_64/share/cmake-3.24/Modules/Platform/Windows-MSVC.cmake",
		"C:/Users/mikha/Desktop/SkillBox/Practice_38/38_2/build-38_2-Desktop_Qt_5_15_2_MSVC2019_64bit-Debug/CMakeFiles/3.24.2/CMakeRCCompiler.cmake",
		"C:/Qt/Tools/CMake_64/share/cmake-3.24/Modules/CMakeRCInformation.cmake",
		"C:/Qt/Tools/CMake_64/share/cmake-3.24/Modules/CMakeCommonLanguageInclude.cmake",
		"C:/Qt/5.15.2/msvc2019_64/lib/cmake/Qt5/Qt5ConfigVersion.cmake",
		"C:/Qt/5.15.2/msvc2019_64/lib/cmake/Qt5/Qt5Config.cmake",
		"C:/Qt/5.15.2/msvc2019_64/lib/cmake/Qt5/Qt5ConfigVersion.cmake",
		"C:/Qt/5.15.2/msvc2019_64/lib/cmake/Qt5/Qt5Config.cmake",
		"C:/Qt/5.15.2/msvc2019_64/lib/cmake/Qt5/Qt5ModuleLocation.cmake",
		"C:/Qt/5.15.2/msvc2019_64/lib/cmake/Qt5Widgets/Qt5WidgetsConfigVersion.cmake",
		"C:/Qt/5.15.2/msvc2019_64/lib/cmake/Qt5Widgets/Qt5WidgetsConfig.cmake",
		"C:/Qt/5.15.2/msvc2019_64/lib/cmake/Qt5Gui/Qt5GuiConfigVersion.cmake",
		"C:/Qt/5.15.2/msvc2019_64/lib/cmake/Qt5Gui/Qt5GuiConfig.cmake",
		"C:/Qt/5.15.2/msvc2019_64/lib/cmake/Qt5Core/Qt5CoreConfigVersion.cmake",
		"C:/Qt/5.15.2/msvc2019_64/lib/cmake/Qt5Core/Qt5CoreConfig.cmake",
		"C:/Qt/5.15.2/msvc2019_64/lib/cmake/Qt5Core/Qt5CoreConfigExtras.cmake",
		"C:/Qt/5.15.2/msvc2019_64/lib/cmake/Qt5Core/Qt5CoreConfigExtrasMkspecDir.cmake",
		"C:/Qt/5.15.2/msvc2019_64/lib/cmake/Qt5Core/Qt5CoreMacros.cmake",
		"C:/Qt/Tools/CMake_64/share/cmake-3.24/Modules/CMakeParseArguments.cmake",
		"C:/Qt/5.15.2/msvc2019_64/lib/cmake/Qt5Gui/Qt5Gui_QGifPlugin.cmake",
		"C:/Qt/5.15.2/msvc2019_64/lib/cmake/Qt5Gui/Qt5Gui_QICNSPlugin.cmake",
		"C:/Qt/5.15.2/msvc2019_64/lib/cmake/Qt5Gui/Qt5Gui_QICOPlugin.cmake",
		"C:/Qt/5.15.2/msvc2019_64/lib/cmake/Qt5Gui/Qt5Gui_QJpegPlugin.cmake",
		"C:/Qt/5.15.2/msvc2019_64/lib/cmake/Qt5Gui/Qt5Gui_QMinimalIntegrationPlugin.cmake",
		"C:/Qt/5.15.2/msvc2019_64/lib/cmake/Qt5Gui/Qt5Gui_QOffscreenIntegrationPlugin.cmake",
		"C:/Qt/5.15.2/msvc2019_64/lib/cmake/Qt5Gui/Qt5Gui_QSvgIconPlugin.cmake",
		"C:/Qt/5.15.2/msvc2019_64/lib/cmake/Qt5Gui/Qt5Gui_QSvgPlugin.cmake",
		"C:/Qt/5.15.2/msvc2019_64/lib/cmake/Qt5Gui/Qt5Gui_QTgaPlugin.cmake",
		"C:/Qt/5.15.2/msvc2019_64/lib/cmake/Qt5Gui/Qt5Gui_QTiffPlugin.cmake",
		"C:/Qt/5.15.2/msvc2019_64/lib/cmake/Qt5Gui/Qt5Gui_QTuioTouchPlugin.cmake",
		"C:/Qt/5.15.2/msvc2019_64/lib/cmake/Qt5Gui/Qt5Gui_QVirtualKeyboardPlugin.cmake",
		"C:/Qt/5.15.2/msvc2019_64/lib/cmake/Qt5Gui/Qt5Gui_QWbmpPlugin.cmake",
		"C:/Qt/5.15.2/msvc2019_64/lib/cmake/Qt5Gui/Qt5Gui_QWebGLIntegrationPlugin.cmake",
		"C:/Qt/5.15.2/msvc2019_64/lib/cmake/Qt5Gui/Qt5Gui_QWebpPlugin.cmake",
		"C:/Qt/5.15.2/msvc2019_64/lib/cmake/Qt5Gui/Qt5Gui_QWindowsDirect2DIntegrationPlugin.cmake",
		"C:/Qt/5.15.2/msvc2019_64/lib/cmake/Qt5Gui/Qt5Gui_QWindowsIntegrationPlugin.cmake",
		"C:/Qt/5.15.2/msvc2019_64/lib/cmake/Qt5Gui/Qt5Gui_QXdgDesktopPortalThemePlugin.cmake",
		"C:/Qt/5.15.2/msvc2019_64/lib/cmake/Qt5Gui/Qt5GuiConfigExtras.cmake",
		"C:/Qt/5.15.2/msvc2019_64/lib/cmake/Qt5Widgets/Qt5Widgets_QWindowsVistaStylePlugin.cmake",
		"C:/Qt/5.15.2/msvc2019_64/lib/cmake/Qt5Widgets/Qt5WidgetsConfigExtras.cmake",
		"C:/Qt/5.15.2/msvc2019_64/lib/cmake/Qt5Widgets/Qt5WidgetsMacros.cmake",
		"C:/Qt/Tools/CMake_64/share/cmake-3.24/Modules/CMakeParseArguments.cmake",
		"C:/Qt/5.15.2/msvc2019_64/lib/cmake/Qt5WebEngineWidgets/Qt5WebEngineWidgetsConfigVersion.cmake",
		"C:/Qt/5.15.2/msvc2019_64/lib/cmake/Qt5WebEngineWidgets/Qt5WebEngineWidgetsConfig.cmake",
		"C:/Qt/5.15.2/msvc2019_64/lib/cmake/Qt5WebEngineCore/Qt5WebEngineCoreConfigVersion.cmake",
		"C:/Qt/5.15.2/msvc2019_64/lib/cmake/Qt5WebEngineCore/Qt5WebEngineCoreConfig.cmake",
		"C:/Qt/5.15.2/msvc2019_64/lib/cmake/Qt5Quick/Qt5QuickConfigVersion.cmake",
		"C:/Qt/5.15.2/msvc2019_64/lib/cmake/Qt5Quick/Qt5QuickConfig.cmake",
		"C:/Qt/5.15.2/msvc2019_64/lib/cmake/Qt5QmlModels/Qt5QmlModelsConfigVersion.cmake",
		"C:/Qt/5.15.2/msvc2019_64/lib/cmake/Qt5QmlModels/Qt5QmlModelsConfig.cmake",
		"C:/Qt/5.15.2/msvc2019_64/lib/cmake/Qt5Qml/Qt5QmlConfigVersion.cmake",
		"C:/Qt/5.15.2/msvc2019_64/lib/cmake/Qt5Qml/Qt5QmlConfig.cmake",
		"C:/Qt/5.15.2/msvc2019_64/lib/cmake/Qt5Network/Qt5NetworkConfigVersion.cmake",
		"C:/Qt/5.15.2/msvc2019_64/lib/cmake/Qt5Network/Qt5NetworkConfig.cmake",
		"C:/Qt/5.15.2/msvc2019_64/lib/cmake/Qt5Network/Qt5Network_QGenericEnginePlugin.cmake",
		"C:/Qt/5.15.2/msvc2019_64/lib/cmake/Qt5Qml/Qt5Qml_QDebugMessageServiceFactory.cmake",
		"C:/Qt/5.15.2/msvc2019_64/lib/cmake/Qt5Qml/Qt5Qml_QLocalClientConnectionFactory.cmake",
		"C:/Qt/5.15.2/msvc2019_64/lib/cmake/Qt5Qml/Qt5Qml_QQmlDebugServerFactory.cmake",
		"C:/Qt/5.15.2/msvc2019_64/lib/cmake/Qt5Qml/Qt5Qml_QQmlDebuggerServiceFactory.cmake",
		"C:/Qt/5.15.2/msvc2019_64/lib/cmake/Qt5Qml/Qt5Qml_QQmlInspectorServiceFactory.cmake",
		"C:/Qt/5.15.2/msvc2019_64/lib/cmake/Qt5Qml/Qt5Qml_QQmlNativeDebugConnectorFactory.cmake",
		"C:/Qt/5.15.2/msvc2019_64/lib/cmake/Qt5Qml/Qt5Qml_QQmlNativeDebugServiceFactory.cmake",
		"C:/Qt/5.15.2/msvc2019_64/lib/cmake/Qt5Qml/Qt5Qml_QQmlPreviewServiceFactory.cmake",
		"C:/Qt/5.15.2/msvc2019_64/lib/cmake/Qt5Qml/Qt5Qml_QQmlProfilerServiceFactory.cmake",
		"C:/Qt/5.15.2/msvc2019_64/lib/cmake/Qt5Qml/Qt5Qml_QQuickProfilerAdapterFactory.cmake",
		"C:/Qt/5.15.2/msvc2019_64/lib/cmake/Qt5Qml/Qt5Qml_QTcpServerConnectionFactory.cmake",
		"C:/Qt/5.15.2/msvc2019_64/lib/cmake/Qt5Qml/Qt5QmlConfigExtras.cmake",
		"C:/Qt/5.15.2/msvc2019_64/lib/cmake/Qt5Quick/Qt5Quick_QSGD3D12Adaptation.cmake",
		"C:/Qt/5.15.2/msvc2019_64/lib/cmake/Qt5WebChannel/Qt5WebChannelConfigVersion.cmake",
		"C:/Qt/5.15.2/msvc2019_64/lib/cmake/Qt5WebChannel/Qt5WebChannelConfig.cmake",
		"C:/Qt/5.15.2/msvc2019_64/lib/cmake/Qt5Positioning/Qt5PositioningConfigVersion.cmake",
		"C:/Qt/5.15.2/msvc2019_64/lib/cmake/Qt5Positioning/Qt5PositioningConfig.cmake",
		"C:/Qt/5.15.2/msvc2019_64/lib/cmake/Qt5Positioning/Qt5Positioning_QGeoPositionInfoSourceFactoryPoll.cmake",
		"C:/Qt/5.15.2/msvc2019_64/lib/cmake/Qt5Positioning/Qt5Positioning_QGeoPositionInfoSourceFactorySerialNmea.cmake",
		"C:/Qt/5.15.2/msvc2019_64/lib/cmake/Qt5Positioning/Qt5Positioning_QGeoPositionInfoSourceFactoryWinRT.cmake",
		"C:/Qt/5.15.2/msvc2019_64/lib/cmake/Qt5PrintSupport/Qt5PrintSupportConfigVersion.cmake",
		"C:/Qt/5.15.2/msvc2019_64/lib/cmake/Qt5PrintSupport/Qt5PrintSupportConfig.cmake",
		"C:/Qt/5.15.2/msvc2019_64/lib/cmake/Qt5PrintSupport/Qt5PrintSupport_QWindowsPrinterSupportPlugin.cmake",
		"C:/Qt/Tools/CMake_64/share/cmake-3.24/Modules/GNUInstallDirs.cmake"
	],
	"CMAKE_SOURCE_DIR" : "C:/Users/mikha/Desktop/SkillBox/Practice_38/38_2/38_2",
	"DEP_FILE" : "C:/Users/mikha/Desktop/SkillBox/Practice_38/38_2/build-38_2-Desktop_Qt_5_15_2_MSVC2019_64bit-Debug/38_2_autogen/deps",
	"DEP_FILE_RULE_NAME" : "38_2_autogen/timestamp",
	"HEADERS" : [],
	"HEADER_EXTENSIONS" : [ "h", "hh", "h++", "hm", "hpp", "hxx", "in", "txx" ],
	"INCLUDE_DIR" : "C:/Users/mikha/Desktop/SkillBox/Practice_38/38_2/build-38_2-Desktop_Qt_5_15_2_MSVC2019_64bit-Debug/38_2_autogen/include",
	"MOC_COMPILATION_FILE" : "C:/Users/mikha/Desktop/SkillBox/Practice_38/38_2/build-38_2-Desktop_Qt_5_15_2_MSVC2019_64bit-Debug/38_2_autogen/mocs_compilation.cpp",
	"MOC_DEFINITIONS" : 
	[
		"QT_CORE_LIB",
		"QT_GUI_LIB",
		"QT_NETWORK_LIB",
		"QT_POSITIONING_LIB",
		"QT_PRINTSUPPORT_LIB",
		"QT_QMLMODELS_LIB",
		"QT_QML_LIB",
		"QT_QUICK_LIB",
		"QT_WEBCHANNEL_LIB",
		"QT_WEBENGINECORE_LIB",
		"QT_WEBENGINEWIDGETS_LIB",
		"QT_WIDGETS_LIB",
		"WIN32"
	],
	"MOC_DEPEND_FILTERS" : 
	[
		[
			"Q_PLUGIN_METADATA",
			"[\n][ \t]*Q_PLUGIN_METADATA[ \t]*\\([^\\)]*FILE[ \t]*\"([^\"]+)\""
		]
	],
	"MOC_INCLUDES" : 
	[
		"C:/Qt/5.15.2/msvc2019_64/include",
		"C:/Qt/5.15.2/msvc2019_64/include/QtWidgets",
		"C:/Qt/5.15.2/msvc2019_64/include/QtGui",
		"C:/Qt/5.15.2/msvc2019_64/include/QtANGLE",
		"C:/Qt/5.15.2/msvc2019_64/include/QtCore",
		"C:/Qt/5.15.2/msvc2019_64/mkspecs/win32-msvc",
		"C:/Qt/5.15.2/msvc2019_64/include/QtWebEngineCore",
		"C:/Qt/5.15.2/msvc2019_64/include/QtQuick",
		"C:/Qt/5.15.2/msvc2019_64/include/QtQmlModels",
		"C:/Qt/5.15.2/msvc2019_64/include/QtQml",
		"C:/Qt/5.15.2/msvc2019_64/include/QtNetwork",
		"C:/Qt/5.15.2/msvc2019_64/include/QtWebChannel",
		"C:/Qt/5.15.2/msvc2019_64/include/QtPositioning",
		"C:/Qt/5.15.2/msvc2019_64/include/QtWebEngineWidgets",
		"C:/Qt/5.15.2/msvc2019_64/include/QtPrintSupport"
	],
	"MOC_MACRO_NAMES" : [ "Q_OBJECT", "Q_GADGET", "Q_NAMESPACE", "Q_NAMESPACE_EXPORT" ],
	"MOC_OPTIONS" : [],
	"MOC_PATH_PREFIX" : false,
	"MOC_PREDEFS_CMD" : [],
	"MOC_PREDEFS_FILE" : "",
	"MOC_RELAXED_MODE" : false,
	"MOC_SKIP" : [],
	"MULTI_CONFIG" : false,
	"PARALLEL" : 4,
	"PARSE_CACHE_FILE" : "C:/Users/mikha/Desktop/SkillBox/Practice_38/38_2/build-38_2-Desktop_Qt_5_15_2_MSVC2019_64bit-Debug/CMakeFiles/38_2_autogen.dir/ParseCache.txt",
	"QT_MOC_EXECUTABLE" : "C:/Qt/5.15.2/msvc2019_64/bin/moc.exe",
	"QT_UIC_EXECUTABLE" : "C:/Qt/5.15.2/msvc2019_64/bin/uic.exe",
	"QT_VERSION_MAJOR" : 5,
	"QT_VERSION_MINOR" : 15,
	"SETTINGS_FILE" : "C:/Users/mikha/Desktop/SkillBox/Practice_38/38_2/build-38_2-Desktop_Qt_5_15_2_MSVC2019_64bit-Debug/CMakeFiles/38_2_autogen.dir/AutogenUsed.txt",
	"SOURCES" : 
	[
		[
			"C:/Users/mikha/Desktop/SkillBox/Practice_38/38_2/38_2/main.cpp",
			"MU",
			null
		]
	],
	"UIC_OPTIONS" : [],
	"UIC_SEARCH_PATHS" : [],
	"UIC_SKIP" : [],
	"UIC_UI_FILES" : [],
	"VERBOSITY" : 0
}
